Program_Name,Website_Url,City,State,Accessibility_Services,Adult_Literacy,Art_Therapy,Assessment,Borrow_Materials,Case_Management,Child_Care,Clothing,Computers,Dental_Services,Documentation_Assistance,Domestic_Violence_Services,Food_Groceries,Groups,Haircuts,Harm_Reduction,Hiv_Testing,Housing,Housing_Navigation,Income_Tax_Help,Laundry,Library_Card,Legal_Services,Medical_Benefits,Medical_Services,Mail,Meals,Mental_Health,Ministry,Phone,Public_Restrooms,Refreshments,Showers,Snap_Food_Stamps,Storage,Substance_Abuse_Treatment,Supported_Employment,Tanf_Financial_Assistance,Transportation,Vocational_Training,Clients_Served_Per_Day,Target,Open_To_Public,Hours_Of_Operation,Lgbtq_Focused,Phone_Number,Ward,Facility_Name,Address
Shepherd Park Library,https://www.dclibrary.org/node/10380,Washington,DC,No,No,No,No,Yes,No,No,No,Yes,No,No,No,No,No,No,No,No,No,No,No,No,Yes,No,No,No,No,No,No,No,No,No,No,No,No,No,No,No,No,No,Yes,N/A,Men & Women,Yes,N/A,No,N/A,Ward 4,DC Public Library,7420 Georgia Avenue Nw
Takoma Library,https://www.dclibrary.org/node/10402,Washington,DC,No,No,No,No,Yes,No,No,No,Yes,No,No,No,No,No,No,No,No,No,No,No,No,Yes,No,No,No,No,No,No,No,No,No,No,No,No,No,No,No,No,No,Yes,N/A,Men & Women,Yes,N/A,No,N/A,Ward 4,DC Public Library,416 Cedar Street Nw
Headquarters,https://contemporaryservices.net/,Washington ,DC,No,No,No,No,No,No,No,No,No,No,No,No,No,No,No,No,No,No,No,No,No,No,No,No,No,No,No,Yes,No,No,No,No,No,No,No,No,No,No,No,No,N/A,Families,No,N/A,No,N/A,Ward 4,Contemporary Family Services,6323 Georgia Avenue Nw
Chevy Chase Library,https://www.dclibrary.org/node/10370,Washington,DC,No,No,No,No,Yes,No,No,No,Yes,No,No,No,No,No,No,No,No,No,No,No,No,Yes,No,No,No,No,No,No,No,No,No,No,No,No,No,No,No,No,No,Yes,N/A,Men & Women,Yes,N/A,No,N/A,Ward 3,DC Public Library,5625 Connecticut Avenue Nw
Lamond-Riggs Library,https://www.dclibrary.org/node/10382,Washington,DC,No,No,No,No,Yes,No,No,No,Yes,No,No,No,No,No,No,No,No,No,No,Yes,No,Yes,No,No,No,No,No,No,No,No,No,No,No,No,No,No,No,No,No,Yes,N/A,Men & Women,Yes,N/A,No,N/A,Ward 5,DC Public Library,5401 South Dakota Avenue Ne
The Next Step Program (Admin Offices),https://www.samaritanministry.org/program,Washington ,DC,No,No,No,No,No,Yes,No,Yes,Yes,No,Yes,No,No,No,No,No,No,No,Yes,No,No,No,Yes,No,No,Yes,No,No,Yes,Yes,No,No,No,Yes,No,Yes,No,Yes,No,Yes,N/A,Men & Women,Yes,N/A,No,N/A,Ward 4,Samaritan Ministry of Greater Washington,1516 Hamilton Street Nw
Drop-In Center & Clinic,https://friendshipplace.org/drop-in-and-clinic/,Washington ,DC,No,No,No,No,No,Yes,No,No,Yes,No,No,No,No,No,No,No,No,No,No,No,Yes,No,No,No,Yes,No,Yes,No,No,No,No,No,Yes,No,No,No,No,No,No,No,40,Men & Women,Yes,N/A,No,N/A,Ward 3,Friendship Place,4713 Wisconsin Avenue Nw
Tenley-Friendship Library,https://www.dclibrary.org/node/10404,Washington,DC,No,No,No,No,Yes,No,No,No,Yes,No,No,No,No,No,No,No,No,No,No,No,No,Yes,No,No,No,No,No,No,No,No,No,No,No,No,No,No,No,No,No,Yes,N/A,Men & Women,Yes,N/A,No,N/A,Ward 3,DC Public Library,4450 Wisconsin Avenue Nw
Cleveland Park Library,https://www.dclibrary.org/node/10372,Washington,DC,No,No,No,No,Yes,No,No,No,Yes,No,No,No,No,No,No,No,No,No,No,No,No,Yes,No,No,No,No,No,No,No,No,No,No,No,No,No,No,No,No,No,Yes,N/A,Men & Women,Yes,N/A,No,N/A,Ward 3,DC Public Library,4340 Connecticut Avenue Nw
Petworth Library,https://www.dclibrary.org/node/10396,Washington,DC,No,No,No,No,Yes,No,No,No,Yes,No,No,No,No,No,No,No,No,No,No,Yes,No,Yes,No,No,No,No,No,No,No,No,No,No,No,No,No,No,No,No,No,Yes,N/A,Men & Women,Yes,N/A,No,N/A,Ward 4,DC Public Library,4200 Kansas Avenue Nw
Taylor Street Service Center,https://dcdhs.dc.gov/node/117522,Washington ,DC,No,No,No,No,No,No,No,No,No,No,No,No,No,No,No,No,No,No,No,No,No,No,No,No,No,No,No,No,No,No,No,No,No,Yes,No,No,No,Yes,No,No,N/A,Men & Women,No,N/A,No,N/A,Ward 4,Department of Human Services,1207 Taylor Street Nw
Morning Program,https://www.thrivedc.org/,Washington ,DC,No,No,Yes,No,No,Yes,No,Yes,No,No,No,No,Yes,No,No,No,No,No,No,No,Yes,No,No,No,No,Yes,Yes,No,No,No,No,No,Yes,No,No,No,No,No,No,No,200,Men & Women,Yes,N/A,No,N/A,Ward 1,ThriveDC,1525 Newton Street Nw
Refugee Center,https://www.catholiccharitiesdc.org/refugee/,Washington ,DC,No,No,No,No,No,No,No,No,No,No,No,No,No,No,No,No,No,No,Yes,No,No,No,No,No,No,No,No,No,No,No,No,No,No,No,No,No,No,No,No,Yes,N/A,N/A,No,N/A,No,N/A,Ward 5,Catholic Charities,1018 Monroe Street Ne
Emergency Brief Services,http://www.thefamilyplacedc.org/?page_id=204,Washington ,DC,No,No,No,No,No,No,No,No,No,No,No,No,Yes,No,No,No,No,No,No,No,No,No,No,No,No,No,No,No,No,No,No,No,No,No,No,No,No,No,No,No,15,Women ,Yes,N/A,No,N/A,Ward 1,The Family Place,3309 16Th Street Nw
Anchor Counseling Services,https://www.catholiccharitiesdc.org/behavioralhealth/,Washington ,DC,No,No,No,No,No,No,No,No,No,No,No,No,No,No,No,No,No,No,No,No,No,No,No,No,No,No,No,Yes,No,No,No,No,No,No,No,Yes,No,No,No,No,N/A,N/A,No,N/A,No,N/A,Ward 5,Catholic Charities,1001 Lawrence Street Ne
Dinner Program,http://dinnerprogram.org/,Washington ,DC,No,No,No,No,No,No,No,Yes,No,No,No,No,No,No,Yes,No,No,No,No,No,No,No,Yes,No,No,No,Yes,No,No,No,No,No,No,No,No,No,No,No,No,Yes,100,Men & Women,Yes,N/A,No,N/A,Ward 1,Sacred Heart,3211 Pine Street Nw
Mt. Pleasant Library,https://www.dclibrary.org/node/10386,Washington,DC,No,No,No,No,Yes,No,No,No,Yes,No,No,No,No,No,No,No,No,No,No,No,No,Yes,No,No,No,No,No,No,No,No,No,No,No,No,No,No,No,No,No,Yes,N/A,Men & Women,Yes,N/A,No,N/A,Ward 1,DC Public Library,3160 16Th Street Nw
DC Safe Housing Drop-In Center,http://www.layc-dc.org/what-we-do/safe-housing/outreach-intake/,Washington ,DC,No,No,No,Yes,No,Yes,No,Yes,Yes,No,No,No,Yes,No,No,No,No,Yes,Yes,No,Yes,No,No,No,No,No,No,Yes,No,No,No,Yes,Yes,No,Yes,No,No,No,No,Yes,N/A,Youth,Yes,N/A,No,N/A,Ward 1,Latin American Youth Center (LYAC),3045 15Th Street Nw
Upper Cardozo Health Center (Ward 1),https://unityhealthcare.org/find-a-center/,Washington,DC,No,No,No,No,No,No,No,No,No,No,No,No,No,No,No,No,No,No,No,No,No,No,No,No,No,No,No,No,No,No,No,No,No,No,No,No,No,No,No,No,N/A,Men & Women,By Appointment,N/A,No,N/A,Ward 1,Unity Health,3020 14Th Street Nw
Woodridge Library,https://www.dclibrary.org/node/10412,Washington,DC,No,No,No,No,Yes,No,No,No,Yes,No,No,No,No,No,No,No,No,No,No,Yes,No,Yes,No,No,No,No,No,No,No,No,No,No,No,No,No,No,No,No,No,Yes,N/A,Men & Women,Yes,N/A,No,N/A,Ward 5,DC Public Library,1801 Hamlin Street Ne
Drop-Inn Safe Center,http://www.casaruby.org/drop.html,Washington ,DC,No,No,No,Yes,No,Yes,No,Yes,Yes,No,No,No,No,Yes,No,No,No,No,Yes,No,No,No,Yes,No,No,No,Yes,No,No,No,No,No,No,No,No,No,No,No,No,No,25,Youth,Yes,N/A,Yes,N/A,Ward 1,Casa Ruby,2822 Georgia Avenue Nw
Social Services,http://salvationarmynca.org/ways-we-help/families-in-need/,Washington ,DC,No,No,No,No,No,No,No,No,No,No,No,No,No,No,No,No,No,No,No,No,No,No,No,No,No,No,No,No,No,No,No,No,No,No,No,No,No,No,No,No,N/A,Men & Women,No,N/A,No,N/A,Ward 1,The Salvation Army,1434 Harvard Street Nw
Community Resource & Referral Center,https://www.washingtondc.va.gov/locations/Community_Resource_and_Referral_Center_CRRC.asp,Washington,DC,No,No,No,No,No,Yes,No,No,No,No,Yes,No,Yes,No,No,No,No,No,No,No,Yes,No,No,No,Yes,No,No,No,No,No,No,No,No,No,No,No,No,No,No,No,N/A,Men & Women,Yes,N/A,No,N/A,Ward 5,Department of Veterans Affairs,1500 Franklin Street Ne
Columbia Road Health Services (Ward 1),https://unityhealthcare.org/find-a-center/,Washington,DC,No,No,No,No,No,No,No,No,No,No,No,No,No,No,No,No,No,No,No,No,No,No,No,No,No,No,No,No,No,No,No,No,No,No,No,No,No,No,No,No,N/A,Men & Women,By Appointment,N/A,No,N/A,Ward 1,Unity Health,1660 Columbia Road Nw
Medical Care & Housing Services,http://christhouse.org/,Washington ,DC,No,No,Yes,No,No,Yes,No,No,No,No,No,No,No,Yes,No,No,No,Yes,No,No,No,No,No,No,Yes,No,No,No,Yes,No,No,No,No,No,No,Yes,No,No,No,No,N/A,Men & Women,By Appointment,N/A,No,N/A,Ward 1,Christ House,1717 Columbia Road Nw
Virginia Williams Family Resource Center,https://dcdhs.dc.gov/page/virginia-williams-family-resource-center,Washington ,DC,No,No,No,No,No,No,No,No,No,No,No,Yes,No,No,No,No,No,No,No,No,No,No,No,No,No,No,No,No,No,No,No,No,No,No,No,No,No,No,No,No,N/A,Families,No,N/A,No,N/A,Ward 5,Department of Human Services,920 Rhode Island Avenue Ne
Brentwood Health Center (Ward 5),https://unityhealthcare.org/find-a-center/,Washington,DC,No,No,No,No,No,No,No,No,No,No,No,No,No,No,No,No,No,No,No,No,No,No,No,No,No,No,No,No,No,No,No,No,No,No,No,No,No,No,No,No,N/A,Men & Women,By Appointment,N/A,No,N/A,Ward 5,Unity Health,1251 Saratoga Avenue Ne
Whitman-Walker WeWork Manhattan Laundry,https://www.whitman-walker.org/location/whitman-walker-wework/,Washington,DC,No,No,No,No,No,Yes,No,No,No,No,No,No,No,No,No,No,No,No,No,No,No,No,Yes,No,No,No,No,No,No,No,No,No,No,No,No,No,No,No,No,No,N/A,Men & Women,By Appointment,N/A,Yes,N/A,Ward 1,Whitman Walker Health,1342 Florida Avenue Nw
Adams Place Drop-In Center,https://dcdhs.dc.gov/page/drop-center,Washington ,DC,No,No,No,No,No,Yes,No,Yes,Yes,No,No,No,No,No,Yes,No,No,No,Yes,No,Yes,No,No,No,No,No,Yes,No,No,No,No,No,Yes,No,No,No,No,No,No,Yes,125,Men & Women,Yes,N/A,No,N/A,Ward 5,Department of Human Services,2210 Adams Place Ne
Palisades Library,https://www.dclibrary.org/node/10392,Washington,DC,No,No,No,No,Yes,No,No,No,Yes,No,No,No,No,No,No,No,No,No,No,No,No,Yes,No,No,No,No,No,No,No,No,No,No,No,No,No,No,No,No,No,Yes,N/A,Men & Women,Yes,N/A,No,N/A,Ward 3,DC Public Library,4901 V Street Nw
Emergency Assistance,http://salvationarmynca.org/ways-we-help/families-in-need/,Washington ,DC,No,No,No,No,No,Yes,No,Yes,No,No,No,No,Yes,No,No,No,No,No,Yes,No,No,No,No,No,No,No,No,No,No,No,No,No,No,No,No,No,No,No,Yes,No,N/A,N/A,No,N/A,No,N/A,Ward 5,Salvation Army,2100 New York Avenue Ne
Legal Assistance Project,http://www.legalclinic.org/,Washington ,DC,No,No,No,No,No,No,No,No,No,No,No,No,No,No,No,No,No,No,No,No,No,No,Yes,No,No,No,No,No,No,No,No,No,No,No,No,No,No,No,No,No,N/A,Men & Women,Yes,N/A,No,202-328-5500,Ward 1,The Washington Legal Clinic for the Homeless,1200 U Street Nw
Administrative Office,https://mysistersplacedc.org/,Washington ,DC,No,No,No,No,No,No,No,No,No,No,No,Yes,No,No,No,No,No,Yes,No,No,No,No,No,No,No,No,No,No,No,No,No,No,No,No,No,No,No,No,No,No,N/A,Women,By Appointment,N/A,No,N/A,Ward 2,My Sister's Place,1436 U Street Nw
Georgetown Library,https://www.dclibrary.org/node/10378,Washington,DC,No,No,No,No,Yes,No,No,No,Yes,No,No,No,No,No,No,No,No,No,No,Yes,No,Yes,No,No,No,No,No,No,No,No,No,No,No,No,No,No,No,No,No,Yes,N/A,Men & Women,Yes,N/A,No,N/A,Ward 2,DC Public Library,3260 R Street Nw
Shaw Library,https://www.dclibrary.org/node/10408,Washington,DC,No,No,No,No,Yes,No,No,No,Yes,No,No,No,No,No,No,No,No,No,No,Yes,No,Yes,No,No,No,No,No,No,No,No,No,No,No,No,No,No,No,No,No,Yes,N/A,Men & Women,Yes,N/A,No,N/A,Ward 2,DC Public Library,1630 7Th Street Nw
Administrative Office & Health Clinic,https://www.pathwaystohousingdc.org/,Washington ,DC,No,No,No,No,No,Yes,No,No,No,No,No,No,No,No,No,No,No,Yes,Yes,No,No,No,No,No,Yes,No,No,Yes,No,No,No,No,No,No,No,No,Yes,No,No,No,N/A,Men & Women,By Appointment,N/A,No,N/A,Ward 5,Pathways to Housing,101 Q Street Ne
Whitman Walker 1525,https://www.whitman-walker.org/location/1525-14th-st-nw/,Washington ,DC,No,No,No,No,No,Yes,No,No,No,Yes,No,No,No,No,No,No,No,No,No,No,No,No,Yes,No,Yes,No,No,Yes,No,No,No,No,No,No,No,No,No,No,No,No,N/A,Men & Women,By Appointment,N/A,Yes,N/A,Ward 2,Whitman Walker Health,1525 14Th Street Nw
Northwest Center,https://breadforthecity.org/,Washington ,DC,No,No,No,No,No,Yes,No,No,No,Yes,Yes,No,Yes,No,No,No,No,No,Yes,No,No,No,Yes,No,Yes,No,No,Yes,No,No,No,No,No,Yes,No,Yes,No,Yes,No,No,65.92876712,Men & Women,By Appointment,N/A,No,N/A,Ward 2,Bread for the City,1525 7Th Street Nw
ID & Walk-In Ministry,http://www.foundryumc.org/walk-mission,Washington ,DC,No,No,No,No,No,No,No,Yes,No,No,Yes,No,No,No,No,No,No,No,No,No,No,No,No,No,No,No,Yes,No,No,No,No,No,No,No,No,No,No,No,No,No,36,Men & Women,Yes,N/A,No,N/A,Ward 2,Foundry United Methodist,1500 16Th Street Nw
Assessment and Referral Center (ARC),https://dbh.dc.gov/service/treatment-services,Washington ,DC,No,No,No,Yes,No,No,No,No,No,No,No,No,No,No,No,No,Yes,No,No,No,No,No,No,No,No,No,No,No,No,No,No,No,No,No,No,Yes,No,No,No,No,N/A,N/A,No,N/A,No,N/A,Ward 5,Department of Behavioral Health,75 P Street Ne
Family Services Administration,https://dcdhs.dc.gov/service/homeless-and-homeless-prevention-services,Washington ,DC,No,No,No,Yes,No,No,No,No,No,No,No,No,No,No,No,No,No,Yes,No,No,No,No,No,No,No,No,No,No,No,No,No,No,No,No,No,No,No,No,No,No,N/A,Men & Women,No,N/A,No,N/A,Ward 5,Department of Human Services,64 New York Avenue Ne
Shelter Hotline,https://dhs.dc.gov/service/hypo-hyperthermia-watch,Washington ,DC,Yes,No,No,No,No,No,No,No,No,No,No,No,No,No,No,No,No,No,No,No,No,No,No,No,No,No,No,No,No,No,No,No,No,No,No,No,No,No,Yes,No,N/A,Men & Women,No,24 Hours,No,202-399-7093,Ward 5,Department of Human Services,64 New York Avenue Ne
"Dining, Shower, and Clothing Programs",http://some.org/services/dining-clothing-and-shower-rooms/,Washington ,DC,No,No,No,No,No,No,No,Yes,No,No,No,No,No,No,No,No,No,No,No,No,No,No,No,No,No,No,Yes,No,No,No,No,No,Yes,No,No,No,No,No,No,No,400,Men & Women,Yes,N/A,No,N/A,Ward 5,S.O.M.E. ,71 O Street Nw
Deanwood Library,https://www.dclibrary.org/node/10374,Washington,DC,No,No,No,No,Yes,No,No,No,Yes,No,No,No,No,No,No,No,No,No,No,Yes,No,Yes,No,No,No,No,No,No,No,No,No,No,No,No,No,No,No,No,No,Yes,N/A,Men & Women,Yes,N/A,No,N/A,Ward 7,DC Public Library,1350 49Th Street Ne
Medical & Behavioral Health Clinic,http://some.org/services/health-services/,Washington ,DC,No,No,No,No,No,No,No,No,No,Yes,No,No,No,No,No,No,No,No,No,No,No,No,No,No,Yes,No,No,Yes,No,No,No,No,No,No,No,No,No,No,No,No,N/A,N/A,No,N/A,No,N/A,Ward 5,S.O.M.E. ,60 O Street Nw
Isaiah House Day Program,http://some.org/services/mental-health-services/#IH,Washington ,DC,No,No,Yes,No,No,Yes,No,No,No,No,No,No,No,No,No,No,No,No,No,No,Yes,No,No,No,No,Yes,Yes,No,No,No,No,No,Yes,No,No,No,No,No,No,No,50,Men & Women,Yes,N/A,No,N/A,Ward 5,S.O.M.E. ,75 Hanover Place Nw
Bethany Women's Day Center,http://www.nstreetvillage.org/about-the-village/programs-impact/healthy-meals-basic-needs/,Washington ,DC,No,No,No,No,No,Yes,No,Yes,Yes,No,No,No,No,No,No,No,No,Yes,Yes,No,Yes,No,Yes,No,Yes,No,Yes,No,No,No,No,No,Yes,No,No,No,No,No,No,Yes,75,Women,Yes,N/A,No,N/A,Ward 2,N Street Village,1333 N Street Nw
Walker Jones Health Center (Ward 6),https://unityhealthcare.org/find-a-center/,Washington,DC,No,No,No,No,No,No,No,No,No,No,No,No,No,No,No,No,No,No,No,No,No,No,No,No,No,No,No,No,No,No,No,No,No,No,No,No,No,No,No,No,N/A,Men & Women,By Appointment,N/A,No,N/A,Ward 6,Unity Health,40 Patterson Street Ne
Childcare Center,https://houseofruth.org/our-programs/childcare-center/,Washington ,DC,No,No,No,No,No,Yes,Yes,No,No,No,No,No,No,No,No,No,No,No,No,No,No,No,No,No,No,No,No,No,No,No,No,No,No,No,No,No,No,No,No,No,25,Children,No,N/A,No,N/A,Ward 2,House of Ruth,5 Thomas Circle Nw
The Next Step Program (Perry School Center),https://www.samaritanministry.org/program,Washington ,DC,No,No,No,No,No,Yes,No,Yes,Yes,No,Yes,No,No,No,No,No,No,No,Yes,No,No,No,Yes,No,No,Yes,No,No,Yes,Yes,No,No,No,Yes,No,Yes,No,Yes,No,Yes,N/A,Men & Women,Yes,N/A,No,N/A,Ward 6,Samaritan Ministry of Greater Washington,128 M Street Nw
Early Child Care Program,http://www.brightbeginningsinc.org/,Washington ,DC,No,No,No,No,No,Yes,Yes,No,No,No,No,No,No,No,No,No,No,No,No,No,No,No,No,No,No,No,No,No,No,No,No,No,No,No,No,No,No,No,No,No,90,Children,Yes,N/A,No,N/A,Ward 6,Bright Beginnings,128 M Street Nw
Administrative Office,http://www.dccfh.org/,Washington ,DC,No,No,No,No,No,No,No,No,No,No,No,No,No,No,No,No,No,Yes,No,No,No,No,No,No,No,No,No,No,No,No,No,No,No,No,No,No,No,No,No,No,N/A,Men & Women,By Appointment,N/A,No,N/A,Ward 2,Coalition for the Homeless,1234 Massachusetts Avenue Nw
Northwest One Library,https://www.dclibrary.org/node/10390,Washington,DC,No,No,No,No,Yes,No,No,No,Yes,No,No,No,No,No,No,No,No,No,No,No,No,Yes,No,No,No,No,No,No,No,No,No,No,No,No,No,No,No,No,No,Yes,N/A,Men & Women,Yes,N/A,No,N/A,Ward 6,DC Public Library,155 L Street Nw
Clubhouse Drop-In Center,https://georgetownministrycenter.org/programs/clubhouse/,Washington ,DC,No,No,Yes,No,No,Yes,No,No,Yes,No,No,No,No,Yes,No,No,No,No,No,No,Yes,No,No,No,Yes,Yes,Yes,No,No,Yes,No,Yes,Yes,No,No,No,No,No,No,No,60,Men & Women,Yes,N/A,No,N/A,Ward 2,Georgetown Ministry Center,1041 Wisconsin Avenue Nw
Library Express,https://www.dclibrary.org/node/56917,Washington,DC,Yes,Yes,No,No,Yes,No,No,No,Yes,No,No,No,No,No,No,No,No,No,No,No,No,Yes,No,No,No,No,No,No,No,No,No,No,No,No,No,No,No,No,No,Yes,N/A,Men & Women,Yes,N/A,No,N/A,Ward 2,DC Public Library,1990 K Street Nw
Day Shelter Program,http://www.fathermckennacenter.org/programs/homeless-day-shelter/,Washington ,DC,No,No,No,No,No,Yes,No,Yes,Yes,No,No,No,No,Yes,No,No,No,No,Yes,No,Yes,No,No,No,No,No,Yes,No,Yes,Yes,No,No,Yes,No,No,No,No,No,Yes,No,100,Men,Yes,N/A,No,N/A,Ward 6,The Father McKenna Center,19 I Street Nw
Parkside Health Center (Ward 7),https://unityhealthcare.org/find-a-center/,Washington,DC,No,No,No,No,No,No,No,No,No,No,No,No,No,No,No,No,No,No,No,No,No,No,No,No,No,No,No,No,No,No,No,No,No,No,No,No,No,No,No,No,N/A,Men & Women,By Appointment,N/A,No,N/A,Ward 7,Unity Health,765 Kenilworth Terrace Ne
Drop-In Center,http://www.hips.org/how-we-improve-lives.html,Washington ,DC,No,No,Yes,No,No,No,No,No,Yes,No,No,No,No,No,No,Yes,Yes,No,No,No,Yes,No,No,No,Yes,No,Yes,No,No,No,No,No,Yes,No,No,No,No,No,No,No,N/A,Men & Women,By Appointment,N/A,Yes,N/A,Ward 6,HIPS,906 H Street Ne
Food Pantry & Computer Center,http://www.anacostiaoutreach.org/wordpress/,Washington ,DC,No,No,No,No,No,No,No,No,Yes,No,No,No,Yes,No,No,No,No,No,No,No,No,No,No,No,No,No,No,No,No,No,No,No,No,No,No,No,No,No,No,No,50,Men & Women,Yes,N/A,No,N/A,Ward 5,Anacostia Community Outreach Center (ACOC),711 24Th Street Ne
Day Program,http://mcclendoncenter.org/programs/day-program/,Washington ,DC,No,No,Yes,Yes,No,No,No,No,No,No,No,No,No,Yes,No,No,No,No,No,No,No,No,No,No,No,No,Yes,Yes,No,No,No,No,No,No,No,Yes,No,No,Yes,No,N/A,Men & Women,Yes,N/A,No,N/A,Ward 2,McClendon Center,1313 New York Avenue Nw
H Street Service Center,https://dcdhs.dc.gov/node/117522,Washington ,DC,No,No,No,No,No,No,No,No,No,No,No,No,No,No,No,No,No,No,No,No,No,No,No,No,No,No,No,No,No,No,No,No,No,Yes,No,No,No,Yes,No,No,N/A,Men & Women,No,N/A,No,N/A,Ward 6,Department of Human Services,645 H Street Ne
West End Library,https://www.dclibrary.org/node/10410,Washington,DC,No,No,No,No,Yes,No,No,No,Yes,No,No,No,No,No,No,No,No,No,No,No,No,Yes,No,No,No,No,No,No,No,No,No,No,No,No,No,No,No,No,No,Yes,N/A,Men & Women,Yes,N/A,No,N/A,Ward 2,DC Public Library,2522 Virginia Avenue Nw
MLK Jr. Library,https://www.dclibrary.org/node/56887,Washington,DC,No,No,No,No,Yes,No,No,No,Yes,No,No,No,No,No,No,No,No,No,No,No,No,Yes,No,No,No,No,No,No,No,No,No,No,No,No,No,No,No,No,No,Yes,N/A,Men & Women,Yes,N/A,No,N/A,Ward 2,DC Public Library,901 G Street Nw
Ministry Resource Center & Shelter,http://www.missiondc.org/,Washington ,DC,No,No,No,No,No,No,No,Yes,No,No,No,No,Yes,No,No,No,No,Yes,No,No,No,No,No,No,No,No,No,No,No,No,No,No,No,No,No,No,No,No,No,No,25,Men,Yes,N/A,No,N/A,Ward 6,Central Union Mission,65 Massachusetts Avenue Nw
The Welcome Table,http://epiphanydc.org/ministry/welcome-table/,Washington ,DC,No,No,Yes,No,No,No,No,No,No,No,No,No,No,No,No,No,No,No,No,No,No,No,No,No,No,No,Yes,No,Yes,No,No,No,No,No,No,No,No,No,No,No,28.57142857,Men & Women,Yes,N/A,No,N/A,Ward 2,Church of the Epiphany,1317 G Street Nw
Drop-In Center (Downtown),http://www.firstuccdc.org/2016/09/second-sunday-offering-september-11/,Washington ,DC,No,No,No,Yes,No,Yes,No,No,Yes,No,No,No,No,No,No,No,No,No,No,No,No,No,No,No,Yes,No,Yes,No,No,No,No,No,No,No,No,No,No,No,No,No,30,Youth,Yes,N/A,No,N/A,Ward 2,First Congregational UCC,945 G Street Nw
Meals Program,https://miriamskitchen.org/,Washington ,DC,No,No,No,No,No,Yes,No,No,No,No,No,No,No,No,No,No,No,No,Yes,No,No,No,No,No,No,No,Yes,No,No,No,No,No,No,No,No,No,No,No,No,No,150,Men & Women,Yes,N/A,No,N/A,Ward 2,Miriam's Kitchen,2401 Virginia Avenue Nw
Administrative Office,https://www.catholiccharitiesdc.org/aboutus/our-mission/,Washington ,DC,No,No,No,No,No,No,No,No,No,No,No,No,No,No,No,No,No,No,Yes,No,No,No,No,No,No,No,No,No,No,No,No,No,No,No,No,No,No,No,No,No,N/A,Men & Women,By Appointment,N/A,No,N/A,Ward 2,Catholic Charities,924 G Street Nw
Rosedale Library,https://www.dclibrary.org/node/32566,Washington,DC,No,No,No,No,Yes,No,No,No,Yes,No,No,No,No,No,No,No,No,No,No,No,No,Yes,No,No,No,No,No,No,No,No,No,No,No,No,No,No,No,No,No,Yes,N/A,Men & Women,Yes,N/A,No,N/A,Ward 7,DC Public Library,1701 Gales Street Ne
Public Restrooms,https://dcdhs.dc.gov/page/downtown-washington-dc-public-restrooms,Washington ,DC,No,No,No,No,No,No,No,No,No,No,No,No,No,No,No,No,No,No,No,No,No,No,No,No,No,No,No,No,No,No,Yes,No,No,No,No,No,No,No,No,No,N/A,Men & Women,No,N/A,No,N/A,Ward 6,National Building Museum,401 F Street Nw
Public Restrooms,https://dcdhs.dc.gov/page/downtown-washington-dc-public-restrooms,Washington ,DC,No,No,No,No,No,No,No,No,No,No,No,No,No,No,No,No,No,No,No,No,No,No,No,No,No,No,No,No,No,No,Yes,No,No,No,No,No,No,No,No,No,N/A,Men & Women,No,N/A,No,N/A,Ward 6,Union Station,50 Massachusetts Avenue Ne
Service Location,https://contemporaryservices.net/programs-and-services/,Washington ,DC,No,No,No,No,No,No,No,No,No,No,No,No,No,No,No,No,No,No,No,No,No,No,No,No,No,No,No,Yes,No,No,No,No,No,No,No,No,No,No,No,No,N/A,Families,No,N/A,No,N/A,Ward 7,Contemporary Family Services,603 50Th Street Ne
Public Restrooms,https://dcdhs.dc.gov/page/downtown-washington-dc-public-restrooms,Washington ,DC,No,No,No,No,No,No,No,No,No,No,No,No,No,No,No,No,No,No,No,No,No,No,No,No,No,No,No,No,No,No,Yes,No,No,No,No,No,No,No,No,No,N/A,Men & Women,No,N/A,No,N/A,N/A,National Portrait Gallery,8Th Street Nw And F Street Nw
Emergency Services Program,https://www.cflsdc.org/,Washington ,DC ,No,No,No,No,No,Yes,No,Yes,Yes,No,Yes,No,Yes,No,No,No,No,No,No,No,No,No,No,No,No,No,No,No,No,No,No,Yes,No,No,No,No,No,No,No,No,25,Men & Women,Yes,N/A,No,N/A,Ward 6,Community Family Life Services,305 E Street Nw
Intake Center,http://www.mbihs.com/what-we-offer/free-standing-mental-health-clinic-0024-core,Washington ,DC,No,No,No,Yes,No,No,No,No,No,No,No,No,No,No,No,No,No,No,No,No,No,No,No,No,No,No,No,Yes,No,No,No,No,No,No,No,No,No,No,No,No,N/A,Men & Women,Yes,N/A,No,N/A,Ward 7,MBI,4017 Minnesota Avenue Ne
The Mitch Snyder Center for Arts and Education,http://www.theccnv.org/contact.htm,Washington ,DC,No,No,No,No,No,Yes,No,Yes,Yes,No,No,No,Yes,No,No,No,No,No,No,No,Yes,No,No,No,No,Yes,Yes,No,No,No,No,No,Yes,No,Yes,No,No,No,No,Yes,137.7142857,Men & Women,No,N/A,No,N/A,Ward 6,Community for Creative Non-Violence,425 2Nd Street Nw
DC HEAC,https://www.jobshavepriority.org/employment-assistance,Washington,DC,No,No,No,No,No,No,No,No,Yes,No,No,No,No,No,No,No,No,No,No,No,No,No,No,No,No,No,No,No,No,No,No,No,No,No,No,No,No,No,No,Yes,N/A,Men & Women,Yes,N/A,No,N/A,Ward 6,Jobs Have Priority,425 2Nd Street Nw
Public Restrooms,https://dcdhs.dc.gov/page/downtown-washington-dc-public-restrooms,Washington ,DC,No,No,No,No,No,No,No,No,No,No,No,No,No,No,No,No,No,No,No,No,No,No,No,No,No,No,No,No,No,No,Yes,No,No,No,No,No,No,No,No,No,N/A,Men & Women,No,N/A,No,N/A,Ward 2,White House Visitors Center,1450 Pennsylvania Avenue Nw
Northeast Library,https://www.dclibrary.org/node/10388,Washington,DC,No,No,No,No,Yes,No,No,No,Yes,No,No,No,No,No,No,No,No,No,No,No,No,Yes,No,No,No,No,No,No,No,No,No,No,No,No,No,No,No,No,No,Yes,N/A,Men & Women,Yes,N/A,No,N/A,Ward 6,DC Public Library,330 7Th Street Ne
Bening Library,https://www.dclibrary.org/node/10366,Washington,DC,No,No,No,No,Yes,No,No,No,Yes,No,No,No,No,No,No,No,No,No,No,No,No,Yes,No,No,No,No,No,No,No,No,No,No,No,No,No,No,No,No,No,Yes,N/A,Men & Women,Yes,N/A,No,N/A,Ward 7,DC Public Library,3935 Benning Road Ne
Minnessota Ave Health Center (Ward 7),https://unityhealthcare.org/find-a-center/,Washington,DC,No,No,No,No,No,No,No,No,No,No,No,No,No,No,No,No,No,No,No,No,No,No,No,No,No,No,No,No,No,No,No,No,No,No,No,No,No,No,No,No,N/A,Men & Women,By Appointment,N/A,No,N/A,Ward 7,Unity Health,3924 Minnesota Avenue Ne
Public Restrooms,https://dcdhs.dc.gov/page/downtown-washington-dc-public-restrooms,Washington ,DC,No,No,No,No,No,No,No,No,No,No,No,No,No,No,No,No,No,No,No,No,No,No,No,No,No,No,No,No,No,No,Yes,No,No,No,No,No,No,No,No,No,N/A,Men & Women,No,N/A,No,N/A,N/A,Lafayette Square,Pennsylvania Avenue Nw And 6Th Street Nw
East of the River Health Center (Ward 7),https://unityhealthcare.org/find-a-center/,Washington,DC,No,No,No,No,No,No,No,No,No,No,No,No,No,No,No,No,No,No,No,No,No,No,No,No,No,No,No,No,No,No,No,No,No,No,No,No,No,No,No,No,N/A,Men & Women,By Appointment,N/A,No,N/A,Ward 7,Unity Health,123 45Th Street Ne
Public Restrooms,https://dcdhs.dc.gov/page/downtown-washington-dc-public-restrooms,Washington ,DC,No,No,No,No,No,No,No,No,No,No,No,No,No,No,No,No,No,No,No,No,No,No,No,No,No,No,No,No,No,No,Yes,No,No,No,No,No,No,No,No,No,N/A,Men & Women,No,N/A,No,N/A,Ward 2,Lincoln Memorial,2 Lincoln Memorial Circle Sw
Capitol View Library,https://www.dclibrary.org/node/10368,Washington,DC,No,No,No,No,Yes,No,No,No,Yes,No,No,No,No,No,No,No,No,No,No,No,No,Yes,No,No,No,No,No,No,No,No,No,No,No,No,No,No,No,No,No,Yes,N/A,Men & Women,Yes,N/A,No,N/A,Ward 7,DC Public Library,5001 Central Avenue Se
The Center for Families and Children,http://www.communityconnectionsdc.org/our-services/families-children,Washington ,DC,No,No,No,Yes,No,Yes,No,No,No,No,No,No,No,No,No,No,No,No,No,No,No,No,No,No,No,No,No,Yes,No,No,No,No,No,No,No,No,No,No,No,No,N/A,Families,No,N/A,No,N/A,Ward 6,Community Connections,650 Pennsylvania Avenue Se
Harriet Tubman Day Program,https://www.catholiccharitiesdc.org/harriettubman/,Washington ,DC,No,No,No,No,No,Yes,No,No,No,No,No,No,No,No,No,No,No,No,Yes,No,Yes,No,No,No,No,No,Yes,No,No,No,No,No,Yes,No,No,No,No,No,No,No,100,Women,No,N/A,No,N/A,Ward 7,Catholic Charities,1910 Massachusetts Avenue Se
Southeast Library,https://www.dclibrary.org/node/10398,Washington,DC,No,No,No,No,Yes,No,No,No,Yes,No,No,No,No,No,No,No,No,No,No,No,No,Yes,No,No,No,No,No,No,No,No,No,No,No,No,No,No,No,No,No,Yes,N/A,Men & Women,Yes,N/A,No,N/A,Ward 6,DC Public Library,403 7Th Street Se
Main Office,http://www.communityconnectionsdc.org/,Washington ,DC,No,No,No,No,No,No,No,No,No,No,No,No,No,No,No,No,No,No,Yes,No,No,No,No,No,No,No,No,No,No,No,No,No,No,No,No,No,No,No,No,No,N/A,Men & Women,No,N/A,No,N/A,Ward 6,Community Connections,801 Pennsylvania Avenue Se
Administrative Offices,http://www.community-partnership.org/,Washington,DC,No,No,No,No,No,No,No,No,No,No,No,No,No,No,No,No,No,No,No,No,No,No,No,No,No,No,No,No,No,No,No,No,No,No,No,No,No,No,No,No,N/A,Men & Women,No,N/A,No,N/A,Ward 6,The Community Partnership,801 Pennsylvania Avenue Se
Shirley's Place,www.chgm.net,Washington ,DC,No,No,No,No,No,No,No,No,Yes,No,No,No,No,Yes,No,No,No,No,No,No,Yes,No,No,No,No,No,Yes,No,No,Yes,No,No,Yes,No,No,No,No,No,No,Yes,N/A,Individuals,No,N/A,No,N/A,Ward 6,Capital Hill Group Ministry,1338 G Street Se
Public Restrooms,https://dcdhs.dc.gov/page/downtown-washington-dc-public-restrooms,Washington ,DC,No,No,No,No,No,No,No,No,No,No,No,No,No,No,No,No,No,No,No,No,No,No,No,No,No,No,No,No,No,No,Yes,No,No,No,No,No,No,No,No,No,N/A,Men & Women,No,N/A,No,N/A,Ward 2,Jefferson Memorial,701 East Basin Drive Sw
Drop-In Center (Barraks Row),http://www.sashabruce.org/programs/safehomes/drop-in-center/,Washington ,DC,No,No,No,Yes,No,No,No,No,Yes,No,No,No,Yes,No,No,Yes,No,No,No,No,Yes,No,No,No,Yes,No,Yes,No,No,No,No,No,Yes,No,No,No,No,No,No,Yes,30,Youth,Yes,N/A,No,N/A,Ward 6,Sasha Bruce Youth Work,741 8Th Street Se
Southwest Health Center (Ward 6),https://unityhealthcare.org/find-a-center/,Washington,DC,No,No,No,No,No,No,No,No,No,No,No,No,No,No,No,No,No,No,No,No,No,No,No,No,No,No,No,No,No,No,No,No,No,No,No,No,No,No,No,No,N/A,Men & Women,By Appointment,N/A,No,N/A,Ward 6,Unity Health,850 Delaware Avenue Sw
Housing Resource Center,http://dashdc.org/,Washington ,DC,No,No,No,No,No,Yes,No,No,No,No,No,Yes,No,No,No,No,No,No,Yes,No,No,No,No,No,No,No,No,No,No,No,No,No,No,No,No,No,No,No,No,No,N/A,Women,No,N/A,No,N/A,Ward 6,District Alliance for Safe Housing (DASH),400 I Street Sw
Southwest Library,https://www.dclibrary.org/node/10400,Washington,DC,No,No,No,No,Yes,No,No,No,Yes,No,No,No,No,No,No,No,No,No,No,Yes,No,Yes,No,No,No,No,No,No,No,No,No,No,No,No,No,No,No,No,No,Yes,N/A,Men & Women,Yes,N/A,No,N/A,Ward 6,DC Public Library,900 Wesley Place Sw
Service Location,https://contemporaryservices.net/programs-and-services/,Washington ,DC,No,No,No,No,No,No,No,No,No,No,No,No,No,No,No,No,No,No,No,No,No,No,No,No,No,No,No,Yes,No,No,No,No,No,No,No,No,No,No,No,No,N/A,Families,No,N/A,No,N/A,Ward 7,Contemporary Family Services,2918 Minnesota Avenue Se
Main Office,https://contemporaryservices.net/programs-and-services/,Washington ,DC,No,No,No,No,No,No,No,No,No,No,No,No,No,No,No,No,No,No,No,No,No,No,No,No,No,No,No,Yes,No,No,No,No,No,No,No,No,No,No,No,No,N/A,Families,No,N/A,No,N/A,Ward 7,Contemporary Family Services,3300 Pennsylvania Avenue Se
Southeast Center,https://breadforthecity.org/,Washington ,DC,No,No,No,No,No,Yes,No,Yes,No,No,Yes,No,Yes,No,No,No,No,No,Yes,No,No,No,Yes,No,No,No,No,No,No,No,No,No,No,Yes,No,No,No,Yes,No,No,25,Men & Women,By Appointment,N/A,No,N/A,Ward 8,Bread for the City,1640 Good Hope Road Se
Fort Davis Service Center,https://dcdhs.dc.gov/node/117522,Washington ,DC,No,No,No,No,No,No,No,No,No,No,No,No,No,No,No,No,No,No,No,No,No,No,No,No,No,No,No,No,No,No,No,No,No,Yes,No,No,No,Yes,No,No,N/A,Men & Women,No,N/A,No,N/A,Ward 7,Department of Human Services,3851 Alabama Avenue Se
Service Location,https://contemporaryservices.net/programs-and-services/,Washington ,DC,No,No,No,No,No,No,No,No,No,No,No,No,No,No,No,No,No,No,No,No,No,No,No,No,No,No,No,Yes,No,No,No,No,No,No,No,No,No,No,No,No,N/A,Families,No,N/A,No,N/A,Ward 8,Contemporary Family Services,2041 Martin Luther King Jr Avenue Se
Anacostia Library,https://www.dclibrary.org/node/10364,Washington,DC,No,No,No,No,Yes,No,No,No,Yes,No,No,No,No,No,No,No,No,No,No,Yes,No,Yes,No,No,No,No,No,No,No,No,No,No,No,No,No,No,No,No,No,Yes,N/A,Men & Women,Yes,N/A,No,N/A,Ward 8,DC Public Library,1800 Good Hope Road Se
The Next Step Program (SE DC Offices),https://www.samaritanministry.org/program,Washington ,DC,No,No,No,No,No,Yes,No,Yes,Yes,No,Yes,No,No,No,No,No,No,No,Yes,No,No,No,Yes,No,No,Yes,No,No,Yes,Yes,No,No,No,Yes,No,Yes,No,Yes,No,Yes,N/A,Men & Women,Yes,N/A,No,N/A,Ward 8,Samaritan Ministry of Greater Washington,1345 U Street Se
Anacostia Service Center,https://dcdhs.dc.gov/node/117522,Washington ,DC,No,No,No,No,No,No,No,No,No,No,No,No,No,No,No,No,No,No,No,No,No,No,No,No,No,No,No,No,No,No,No,No,No,Yes,No,No,No,Yes,No,No,N/A,Men & Women,No,N/A,No,N/A,Ward 8,Department of Human Services,2100 Martin Luther King Jr Avenue Se
Francis A. Gregory Library,https://www.dclibrary.org/node/10376,Washington,DC,No,No,No,No,Yes,No,No,No,Yes,No,No,No,No,No,No,No,No,No,No,No,No,Yes,No,No,No,No,No,No,No,No,No,No,No,No,No,No,No,No,No,Yes,N/A,Men & Women,Yes,N/A,No,N/A,Ward 7,DC Public Library,3660 Alabama Avenue Se
Max Robinson Center,https://www.whitman-walker.org/location/max-robinson-center/,Washington,DC,No,No,No,No,No,Yes,No,No,No,Yes,No,No,No,No,No,No,Yes,No,No,No,No,No,Yes,No,Yes,No,No,Yes,No,No,No,No,No,No,No,No,No,No,No,No,N/A,Men & Women,By Appointment,N/A,Yes,N/A,Ward 8,Whitman Walker Health,2301 Martin Luther King Jr Avenue Se
Anacostia Health Center (Ward 8),https://unityhealthcare.org/find-a-center/,Washington,DC,No,No,No,No,No,No,No,No,No,No,No,No,No,No,No,No,No,No,No,No,No,No,No,No,No,No,No,No,No,No,No,No,No,No,No,No,No,No,No,No,N/A,Men & Women,By Appointment,N/A,No,N/A,Ward 8,Unity Health,1500 Galen Street Se
Social Services,http://salvationarmynca.org/ways-we-help/families-in-need/,Washington ,DC,No,No,No,No,No,No,No,No,No,No,No,No,No,No,No,No,No,No,No,No,No,No,No,No,No,No,No,No,No,No,No,No,No,No,No,No,No,No,No,No,N/A,Men & Women,No,N/A,No,N/A,Ward 8,The Salvation Army,2300 Martin Luther King Jr Avenue Se
BBC Outreach Center,http://washington.dc.networkofcare.org/mh/services/agency.aspx?pid=BethlehemBaptistChurchOutreachCenter_1347_2_0,Washington ,DC,No,No,No,No,No,No,No,Yes,No,No,No,No,Yes,No,No,No,No,No,No,No,No,No,No,No,No,No,No,No,Yes,No,No,No,No,No,No,No,No,No,No,No,15,N/A,Yes,N/A,No,N/A,Ward 8,Bethlehem Baptist Outreach Center,2458 Martin Luther King Jr Avenue Se
The Next Step Program (Skyland Workforce Center),https://www.samaritanministry.org/program,Washington ,DC,No,No,No,No,No,Yes,No,Yes,Yes,No,Yes,No,No,No,No,No,No,No,Yes,No,No,No,Yes,No,No,Yes,No,No,Yes,Yes,No,No,No,Yes,No,Yes,No,Yes,No,Yes,N/A,Men & Women,Yes,N/A,No,N/A,Ward 8,Samaritan Ministry of Greater Washington,2509 Good Hope Road Se
Stanton Road Health Center (Ward 8),https://unityhealthcare.org/find-a-center/,Washington,DC,No,No,No,No,No,No,No,No,No,No,No,No,No,No,No,No,No,No,No,No,No,No,No,No,No,No,No,No,No,No,No,No,No,No,No,No,No,No,No,No,N/A,Men & Women,By Appointment,N/A,No,N/A,Ward 8,Unity Health,3240 Stanton Road Se
Parklands-Turner Library,https://www.dclibrary.org/node/10394,Washington,DC,No,No,No,No,Yes,No,No,No,Yes,No,No,No,No,No,No,No,No,No,No,No,No,Yes,No,No,No,No,No,No,No,No,No,No,No,No,No,No,No,No,No,Yes,N/A,Men & Women,Yes,N/A,No,N/A,Ward 8,DC Public Library,1547 Alabama Avenue Se
Resource Center,http://covenanthousedc.org/,Washington ,DC,No,No,No,Yes,No,Yes,No,Yes,No,No,Yes,No,No,No,No,No,No,No,Yes,No,No,No,Yes,No,No,No,Yes,No,No,No,No,No,Yes,No,No,No,No,No,No,No,N/A,Youth,No,N/A,No,N/A,Ward 8,Covenant House,2001 Mississippi Avenue Se
Bellevue Library,https://www.dclibrary.org/node/10406,Washington,DC,No,No,No,No,Yes,No,No,No,Yes,No,No,No,No,No,No,No,No,No,No,Yes,No,Yes,No,No,No,No,No,No,No,No,No,No,No,No,No,No,No,No,No,Yes,N/A,Men & Women,Yes,N/A,No,N/A,Ward 8,DC Public Library,115 Atlantic Street Sw
Congress Heights Service Center,https://dcdhs.dc.gov/node/117522,Washington ,DC,No,No,No,No,No,No,No,No,No,No,No,No,No,No,No,No,No,No,No,No,No,No,No,No,No,No,No,No,No,No,No,No,No,Yes,No,No,No,Yes,No,No,N/A,Men & Women,No,N/A,No,N/A,Ward 8,Department of Human Services,4049 South Capitol Street Sw
